{
  "project_info": {
    "project_number": "285700565597",
    "firebase_url": "https://stumpjump-6fdbf.firebaseio.com",
    "project_id": "stumpjump-6fdbf",
    "storage_bucket": "stumpjump-6fdbf.appspot.com"
  },
  "client": [
    {
      "client_info": {
        "mobilesdk_app_id": "1:285700565597:android:a8b16ea2281eac1f",
        "android_client_info": {
          "package_name": "com.zacharyelmore.stumpjump"
        }
      },
      "oauth_client": [
        {
          "client_id": "285700565597-avjb45sacfd5t0kvlojtvdp0tg382aku.apps.googleusercontent.com",
          "client_type": 1,
          "android_info": {
            "package_name": "com.zacharyelmore.stumpjump",
            "certificate_hash": "7d49f5a78b74c8cf49a1d7776fb6c9952643b89a"
          }
        },
        {
          "client_id": "285700565597-sg0dogr0nhft3skalkjkthdtu0qac935.apps.googleusercontent.com",
          "client_type": 3
        }
      ],
      "api_key": [
        {
          "current_key": "AIzaSyD-UM1A9FqXb2vSdy_pR7_5j9PSQ9qNbPc"
        },
        {
          "current_key": "AIzaSyBuXLf6WL5cQ4aBxyx7MTVTxMa1XRjxhnc"
        }
      ],
      "services": {
        "analytics_service": {
          "status": 1
        },
        "appinvite_service": {
          "status": 2,
          "other_platform_oauth_client": [
            {
              "client_id": "285700565597-sg0dogr0nhft3skalkjkthdtu0qac935.apps.googleusercontent.com",
              "client_type": 3
            }
          ]
        },
        "ads_service": {
          "status": 2
        }
      }
    }
  ],
  "configuration_version": "1"
}